[
        {
            "id": 1,
            "name": "Jewel SHINE",
            "description": "Jewel SHINE Yankees Heroes Adjustable Cap",
            "price": 100,
            "image": "hinhnonsualai.png",
            "isSale": false,
            "saleOff": "90%",
            "quantity": 10,
            "quality": "90%",
            "rating": 4,
            "ratingCount": 10,
            "bestSelling": false,
            "category": "1"
        },
        {
            "id": 2,
            "name": "Fedora",
            "description": "European style high-end men's felt hat ",
            "price": 80,
            "image": "nonsualai2.jpg",
            "isSale": false,
            "saleOff": "80%",
            "quantity": 0,
            "quality": "50%",
            "rating": 5,
            "ratingCount": 20,
            "bestSelling": true,
            "category": "1"
        },
        {
            "id": 3,
            "name": "US Open",
            "description": "USGA US Open 2020 Winged Foot Embroidered Baseball Cap ",
            "price": 100,
            "image": "non7.webp",
            "isSale": true,
            "saleOff": "80%",
            "quantity": 10,
            "quality": "80%",
            "rating": 3,
            "ratingCount": 30,
            "bestSelling": false,
            "category": "1"
        },
        {
            "id": 4,
            "name": "Nike",
            "description": "Bucket Futura Wash men's and women's sports hats HO21-3967",
            "price": 200,
            "image": "non4_1.webp",
            "isSale": false,
            "saleOff": "",
            "quantity": 40,
            "quality": "",
            "rating": 4,
            "ratingCount": 40,
            "bestSelling": false,
            "category": "1"
        },
        {
            "id": 5,
            "name": "Columbia",
            "description": "Columbia Beanie Hat Lined Knit Navy Blue Royal Blue Boy's Child",
            "price": 80,
            "image":"non8.webp",
            "isSale": true,
            "saleOff": "70%",
            "quantity": 50,
            "quality": "70%",
            "rating": 5,
            "ratingCount": 50,
            "bestSelling": false,
            "category": "1"
        },
        {
            "id": 11,
            "name": "The Game Pro",
            "description": "The Game Pro North Carolina Tar Heels Fitted Cap Hat ",
            "price": 100,
            "image":"non9.webp",
            "isSale": true,
            "saleOff": "70%",
            "quantity": 50,
            "quality": "70%",
            "rating": 5,
            "ratingCount": 50,
            "bestSelling": false,
            "category": "1"
        },
        {
            "id": 13,
            "name": "Nashbar ",
            "description": "Nashbar Cycling Shoes Easy Fasten Straps Gray Red Black Men's",
            "price": 500,
            "image":"giay7_1.webp",
            "isSale": true,
            "saleOff": "70%",
            "quantity": 50,
            "quality": "70%",
            "rating": 4,
            "ratingCount": 50,
            "bestSelling": false,
            "category": "3"
        },
        {
            "id": 14,
            "name": "Florsheim",
            "description": "Florsheim D1103-03 Brown Leather Men's Dress Shoes Size 9 Square Toe",
            "price": 1.500,
            "image":"giay2.webp",
            "isSale": true,
            "saleOff": "70%",
            "quantity": 50,
            "quality": "70%",
            "rating": 4,
            "ratingCount": 50,
            "bestSelling": false,
            "category": "3"
        },
        {
            "id": 16,
            "name": "Columbia ",
            "description": "Florsheim D1103-03 Brown Leather Men's Dress Shoes Size 9 Square Toe",
            "price": 200,
            "image":"giay4.webp",
            "isSale": true,
            "saleOff": "70%",
            "quantity": 50,
            "quality": "70%",
            "rating": 5,
            "ratingCount": 50,
            "bestSelling": false,
            "category": "3"
        },
        {
            "id": 15,
            "name": "Franco Sarto",
            "description": "FRANCO SARTO Penny Loafers Navy Blue Leather Pointed Toe Women's Size 6.5 M",
            "price": 500,
            "image":"giay3.webp",
            "isSale": true,
            "saleOff": "70%",
            "quantity": 50,
            "quality": "70%",
            "rating": 5,
            "ratingCount": 50,
            "bestSelling": false,
            "category": "3"
        },
        {
            "id": 17,
            "name": "Florsheim ",
            "description": "Dress Shoes Florsheim Brown Wing Tip Tassel Men's Size 71/2 Comes W/ Shoe Horns",
            "price": 800,
            "image":"giay5.webp",
            "isSale": true,
            "saleOff": "70%",
            "quantity": 50,
            "quality": "70%",
            "rating": 5,
            "ratingCount": 50,
            "bestSelling": false,
            "category": "3"
        },
        {
            "id": 18,
            "name": "OshKosh Bgosh",
            "description": "OshKosh Bgosh Deck Shoes Loafers Brown Yellow Laces Top Stitching Boy's Size 11",
            "price": 800,
            "image":"giay6.webp",
            "isSale": true,
            "saleOff": "70%",
            "quantity": 0,
            "quality": "70%",
            "rating": 5,
            "ratingCount": 50,
            "bestSelling": true,
            "category": "3"
        },
        {
            "id": 6,
            "name": "Long Sleeve",
            "description": "Men's gray long-sleeved shirt 5SMDH002GHS",
            "price": 300,
            "image": "aosomi1.webp",
            "isSale": false,
            "saleOff": "",
            "quantity": 60,
            "quality": "",
            "rating": 4,
            "ratingCount": 60,
            "bestSelling": false,
            "category": "2"
        },
        {
            "id": 7,
            "name": "Savile Row",
            "description": "Savile Row Shirt Long Sleeve Plaid Red Blue Green Button Down Men's Size L",
            "price": 250,
            "image": "aosomi2.webp",
            "isSale": true,
            "saleOff": "60%",
            "quantity": 70,
            "quality": "60%",
            "rating": 3,
            "ratingCount": 70,
            "bestSelling": false,
            "category": "2"
        },
        {
            "id": 8,
            "name": "Shirt Large ",
            "description": "Arrow Fitted Men's Button Down Shirt Large Red Gray Striped Size 34/35",
            "price": 200,
            "image": "aosomi3.webp",
            "isSale": false,
            "saleOff": "",
            "quantity": 80,
            "quality": "",
            "rating": 4,
            "ratingCount": 80,
            "bestSelling": false,
            "category": "2"
        },
        {
            "id": 9,
            "name": " Roebuck & Co",
            "description": "Vintage Sears Roebuck & Co Plaid Button Up Shirt Men's Size 16 Multi Color",
            "price": 900,
            "image": "aosomi4.webp",
            "isSale": true,
            "saleOff": "50%",
            "quantity": 90,
            "quality": "50%",
            "rating": 5,
            "ratingCount": 90,
            "bestSelling": false,
            "category": "2"
        },
        {
            "id": 10,
            "name": "St John's ",
            "description": "St John's Bay Shirt Long Sleeve Plaid Brown White Green Button Down Men's Size L",
            "price": 200,
            "image": "aosomi5.webp",
            "isSale": false,
            "saleOff": "",
            "quantity": 80,
            "quality": "",
            "rating": 4,
            "ratingCount": 80,
            "bestSelling": false,
            "category": "2"
        },
        {
            "id": 12,
            "name": "Regular Fit",
            "description": "Arrow Regular Fit Aroflex Collar Button Down Shirt Men's Sz 16-16.5 34/35 Blue",
            "price": 200,
            "image": "aosomi6.webp",
            "isSale": false,
            "saleOff": "",
            "quantity": 80,
            "quality": "",
            "rating": 4,
            "ratingCount": 80,
            "bestSelling": false,
            "category": "2"
        },
        {
            "id": 19,
            "name": "Classic Fit",
            "description": "Charter Club Pant Shop Classic Fit Black Pants Women's Size 10 47042 Pockets",
            "price": 800,
            "image":"quan1.webp",
            "isSale": true,
            "saleOff": "70%",
            "quantity": 50,
            "quality": "70%",
            "rating": 5,
            "ratingCount": 50,
            "bestSelling": false,
            "category": "4"
        },
        {
            "id": 20,
            "name": "Eddie Bauer ",
            "description": "Eddie Bauer Ski Pants Black Stretch Zip Pocket Women's Size Petite 16 NWT",
            "price": 800,
            "image":"quan2.webp",
            "isSale": true,
            "saleOff": "70%",
            "quantity": 50,
            "quality": "70%",
            "rating": 5,
            "ratingCount": 50,
            "bestSelling": false,
            "category": "4"
        },
        {
            "id": 21,
            "name": "Lands",
            "description": "Lands' End Mid Rise Straight Leg Light Blue Trouser Pants Women's Size 10",
            "price": 200,
            "image": "quan3.webp",
            "isSale": false,
            "saleOff": "",
            "quantity": 80,
            "quality": "",
            "rating": 4,
            "ratingCount": 80,
            "bestSelling": false,
            "category": "4"
        },
        {
            "id": 22,
            "name": "Karen Scott ",
            "description": "Karen Scott Sport Petite Black Pull On Pants Women's Size PL Cropped Mock Pocket",
            "price": 800,
            "image":"quan4.webp",
            "isSale": true,
            "saleOff": "70%",
            "quantity": 50,
            "quality": "70%",
            "rating": 5,
            "ratingCount": 50,
            "bestSelling": false,
            "category": "4"
        },
        {
            "id": 23,
            "name": "Nau Organic ",
            "description": "Nau Organic Cotton Pants Women's Size 6 Brown Textured Pockets Cotton",
            "price": 800,
            "image":"quan5.webp",
            "isSale": true,
            "saleOff": "70%",
            "quantity": 50,
            "quality": "70%",
            "rating": 5,
            "ratingCount": 50,
            "bestSelling": false,
            "category": "4"
        },
        {
            "id": 24,
            "name": "Ella Moss",
            "description": "Ella Moss Serena Pant Black Textured Crepe Slim Leg Sze XS New With Tags",
            "price": 800,
            "image":"quan6.webp",
            "isSale": true,
            "saleOff": "70%",
            "quantity": 0,
            "quality": "70%",
            "rating": 5,
            "ratingCount": 50,
            "bestSelling": true,
            "category": "4"
        },
        {
            "id": 25,
            "name": "Molsion Eyewear",
            "description": "Frame Molsion Eyewear - Glasses",
            "price": 800,
            "image":"kinh1.webp",
            "isSale": true,
            "saleOff": "70%",
            "quantity": 50,
            "quality": "70%",
            "rating": 5,
            "ratingCount": 50,
            "bestSelling": false,
            "category": "5"
        },
        {
            "id": 26,
            "name": "CON",
            "description": "Con AO01 high-end men's eyeglasses",
            "price": 800,
            "image":"kinh2.jpg",
            "isSale": true,
            "saleOff": "70%",
            "quantity": 50,
            "quality": "70%",
            "rating": 5,
            "ratingCount": 50,
            "bestSelling": false,
            "category": "5"
        },
        {
            "id": 27,
            "name": "SoLex",
            "description": "Classy solex glasses are always confirmed with the years",
            "price": 800,
            "image":"kinh3.jpg",
            "isSale": true,
            "saleOff": "70%",
            "quantity": 0,
            "quality": "70%",
            "rating": 5,
            "ratingCount": 50,
            "bestSelling": true,
            "category": "5"
        },
        {
            "id": 28,
            "name": "SoLex",
            "description": "Lot of 2 Faux Leather Handbags Black Crossbody Shoulder Bags Bucket Style",
            "price": 800,
            "image":"tui1.webp",
            "isSale": true,
            "saleOff": "70%",
            "quantity": 0,
            "quality": "70%",
            "rating": 5,
            "ratingCount": 50,
            "bestSelling": true,
            "category": "10"
        },
        {
            "id": 29,
            "name": "J Castro M.",
            "description": "J. Castro M Leather Embossed Bucket Bag Purse For Repair Costa Rica",
            "price": 800,
            "image":"tui2.webp",
            "isSale": true,
            "saleOff": "70%",
            "quantity": 50,
            "quality": "70%",
            "rating": 5,
            "ratingCount": 50,
            "bestSelling": false,
            "category": "10"
        },
        {
            "id": 30,
            "name": "Brown",
            "description": "Brown & Black Layered Striped Faux Leather Tote Bag Overnight 2 Braided Handles",
            "price": 800,
            "image":"tui3.webp",
            "isSale": true,
            "saleOff": "70%",
            "quantity": 50,
            "quality": "70%",
            "rating": 5,
            "ratingCount": 50,
            "bestSelling": false,
            "category": "10"
        },
        {
            "id": 31,
            "name": "Lot of 3 ",
            "description": "Lot of 3 Quote Reusable Shopper Tote Bags Think It Buy It Better Not Humor",
            "price": 800,
            "image":"tui4.webp",
            "isSale": true,
            "saleOff": "30%",
            "quantity": 50,
            "quality": "70%",
            "rating": 5,
            "ratingCount": 50,
            "bestSelling": false,
            "category": "10"
        },
        {
            "id": 32,
            "name": "Nike N7 ",
            "description": "Nike N7 Gym Sack Drawstring Lined Bag Backpack Blue Black Mesh Logo Athletic",
            "price": 800,
            "image":"tui5.webp",
            "isSale": true,
            "saleOff": "20%",
            "quantity": 50,
            "quality": "70%",
            "rating": 5,
            "ratingCount": 50,
            "bestSelling": false,
            "category": "10"
        },
        {
            "id": 33,
            "name": "Nascar ",
            "description": "Nascar Dale Earnhardt Jr 8 Bud Racing Embroidered Duffle Bag Strap Red Black",
            "price": 800,
            "image":"tui6.webp",
            "isSale": true,
            "saleOff": "20%",
            "quantity": 50,
            "quality": "70%",
            "rating": 5,
            "ratingCount": 50,
            "bestSelling": false,
            "category": "10"
        },
        {
            "id": 34,
            "name": "Lot of 2 ",
            "description": "Lot of 2 Pairs Dangle Earrings Orange Browns Leaves Fall Statement Fashion Tan",
            "price": 800,
            "image":"trangsuc1.webp",
            "isSale": true,
            "saleOff": "20%",
            "quantity": 0,
            "quality": "70%",
            "rating": 5,
            "ratingCount": 50,
            "bestSelling": true,
            "category": "6"
        },
        {
            "id": 35,
            "name": "Lot of 6 ",
            "description": "Lot of 6 Women's Stud Style Fashion Earrings Gold Tone Love Heart Flower Pink",
            "price": 300,
            "image":"trangsuc2.webp",
            "isSale": true,
            "saleOff": "20%",
            "quantity": 50,
            "quality": "70%",
            "rating": 5,
            "ratingCount": 50,
            "bestSelling": false,
            "category": "6"
        },
        {
            "id": 36,
            "name": "Orange Glass",
            "description": "Orange Glass Bead Choker Necklace Floral Settings Pierced Orange Bead Earrings",
            "price": 200,
            "image":"trangsuc3.webp",
            "isSale": true,
            "saleOff": "20%",
            "quantity": 50,
            "quality": "70%",
            "rating": 5,
            "ratingCount": 50,
            "bestSelling": false,
            "category": "6"
        },
        {
            "id": 37,
            "name": "fashion earrings",
            "description": "Round Pattern Hoop Loop Earrings Pierced White Black Animal Print Open",
            "price": 200,
            "image":"trangsuc4.webp",
            "isSale": true,
            "saleOff": "20%",
            "quantity": 50,
            "quality": "70%",
            "rating": 5,
            "ratingCount": 50,
            "bestSelling": false,
            "category": "6"
        }
       
       
       
       
    ]
