{
    "id": 10,
    "name": "St John's ",
    "description": "This is a men's button-up shirt made by St. Johns Bay in a size large. \n The shirt is white, gray, and black in a plaid pattern and features a button-down collar, long sleeves with button-up sleeve cuffs, a full button-up front closure, a front pocket, and a round bottom hemline. \n It measures approximately 22.5 from underarm to underarm, 21.5 from top of shoulder to sleeve opening, and 27.25 from the back of neck to bottom hemline when laid flat.\n This garment was made in Nicaragua of 100% cotton.\n The shirt comes in good pre-owned condition with rips and tears on the right sleeve. ",
    "price": 200,
    "image": "aosomi5.webp",
    "isSale": false,
    "saleOff": "",
    "quantity": 80,
    "quality": "",
    "rating": 4,
    "ratingCount": 80,
    "category": "2"
}