{
    "id": 11,
    "name": "The Game Pro",
    "description": "This is a cap made by The Game Pro in a size 7.\n The hat is navy blue and features a bill, 6 vent holes on the top, and a round shape.  On the front are the letters NC embroidered in light blue thread. \n It measures approximately 4.5 tall, 6 wide across the brim, 6.75 wide, and 8.25 deep from front to back.",
    "price": 500,
    "image":["non9.webp","non9_1.webp","non9_2.webp","non9_3.webp","non9_4.webp"],
    "isSale": true,
    "saleOff": "70%",
    "quantity": 50,
    "quality": "70%",
    "rating": 5,
    "ratingCount": 50,
    "category": "1"
}