{
    "id": 2,
    "name": "Fedora",
    "description": "🛵 If you like to travel to Sapa, Da Lat ... places with cool weather, what are you waiting for, stop by the GreenStore hat shop to own yourself many hats, cap, cap, cap , geezer hat, geezer hat, geezer hat, geezer hat,\n 💃 Hats are suitable for high fashion style, suitable for traveling, walking and 📸 taking beautiful pictures.\n  You can use it in daily activities walking around, or picnic \n Material: Unique Korean style fashion hat.Fashionable design ",
    "price": 50,
    "image": ["nonsualai2.jpg","nonsualai2_1.jpg","nonsualai2_2.jpg"],
    "isSale": false,
    "saleOff": "",
    "quantity": 20,
    "quality": "",
    "rating": 5,
    "ratingCount": 20,
    "bestSelling": false,
    "category": "1"
}