{
    "id": 8,
    "name": "Shirt Large Red Gray Striped ",
    "description": "This is a men's button-down shirt in size men's 34-35 large by Arrow.\n The shirt is dark blue with red and white pinstriping. The shirt is collared, features a full front button closure and a breast pocket.\n The shirt measures approximately 27.5 from the back of the neck to the hem, 25.25 from underarm to underarm, and 24 from the top of the shoulder to the cuff when laid flat. It was made in Bangladesh from a 55/45 cotton/polyester blend.\n It comes in very good pre-owned condition.",
    "price": 200,
    "image": ["aosomi3.webp","aosomi3_1.webp","aosomi3_2.webp","aosomi3_3.webp","aosomi3_4.webp"],
    "isSale": false,
    "saleOff": "",
    "quantity": 80,
    "quality": "",
    "rating": 4,
    "ratingCount": 80,
    "category": "2"
}